video,short-term_memorability,long-term_memorability
video7494.webm,0.8545725,0.8532077
video7495.webm,0.8653289,0.8318861
video7496.webm,0.8536789,0.8119955
video7497.webm,0.88162637,0.79878485
video7498.webm,0.7808017,0.7771115
video7499.webm,0.8978993,0.7977583
video7500.webm,0.84439826,0.86898935
video7502.webm,0.87752885,0.8413446
video7503.webm,0.87069213,0.87065697
video7504.webm,0.8793028,0.8087476
video7505.webm,0.8691988,0.7964366
video7506.webm,0.86587167,0.79420346
video7507.webm,0.86055136,0.8955199
video7508.webm,0.8852319,0.8711467
video7510.webm,0.83744496,0.8389156
video7511.webm,0.86350226,0.78406703
video7513.webm,0.8341701,0.6865754
video7515.webm,0.8336892,0.7814373
video7516.webm,0.8528298,0.75853556
video7517.webm,0.82503843,0.8710871
video7518.webm,0.841501,0.81742764
video7519.webm,0.8469807,0.7704658
video7520.webm,0.8515052,0.76749027
video7521.webm,0.74824095,0.67985356
video7522.webm,0.8760835,0.8185976
video7523.webm,0.8116342,0.7491143
video7524.webm,0.8695353,0.8357171
video7525.webm,0.87136704,0.8720091
video7526.webm,0.90828276,0.6510789
video7527.webm,0.85093296,0.8169657
video7528.webm,0.8430647,0.8301515
video7530.webm,0.8529123,0.814921
video7531.webm,0.8866646,0.8817897
video7532.webm,0.86207783,0.8832146
video7533.webm,0.8774598,0.8958711
video7534.webm,0.86595905,0.7326379
video7535.webm,0.8505539,0.8371595
video7536.webm,0.8338018,0.79131496
video7538.webm,0.81189996,0.6913096
video7539.webm,0.8696679,0.87339234
video7540.webm,0.8838822,0.84730756
video7541.webm,0.8570438,0.7314887
video7542.webm,0.9190536,0.8220816
video7543.webm,0.84334195,0.86187017
video7544.webm,0.854621,0.74396396
video7545.webm,0.87622625,0.875033
video7546.webm,0.8562493,0.8554989
video7548.webm,0.87900054,0.82434756
video7549.webm,0.793182,0.82559425
video7550.webm,0.85374695,0.87787205
video7552.webm,0.8618884,0.89034474
video7554.webm,0.82541543,0.83686244
video7555.webm,0.81178766,0.79116786
video7556.webm,0.8257485,0.8284749
video7558.webm,0.8781645,0.9016978
video7560.webm,0.86894834,0.8047539
video7562.webm,0.8596868,0.89744526
video7563.webm,0.8498731,0.8694978
video7565.webm,0.86329114,0.8371477
video7566.webm,0.92250484,0.79531884
video7567.webm,0.84618515,0.8640073
video7568.webm,0.90292966,0.82881
video7569.webm,0.8577321,0.9015781
video7571.webm,0.900651,0.82471764
video7572.webm,0.83891195,0.7749899
video7573.webm,0.8248745,0.7425686
video7574.webm,0.87265825,0.6991409
video7575.webm,0.8569426,0.8158165
video7576.webm,0.8372158,0.7504459
video7578.webm,0.85626805,0.69917274
video7579.webm,0.8963173,0.7746924
video7580.webm,0.87274736,0.7727392
video7581.webm,0.8726568,0.9289719
video7582.webm,0.85122776,0.8075851
video7584.webm,0.8109188,0.93677235
video7585.webm,0.7551708,0.73476243
video7587.webm,0.80032533,0.7693097
video7588.webm,0.8559337,0.6948039
video7589.webm,0.9061155,0.7610849
video7590.webm,0.8653612,0.76348615
video7591.webm,0.84406745,0.85507214
video7592.webm,0.8296377,0.7645236
video7593.webm,0.8170545,0.6390206
video7596.webm,0.8572002,0.8014158
video7597.webm,0.85236293,0.83845526
video7598.webm,0.8461935,0.7311832
video7599.webm,0.87949556,0.79641885
video7600.webm,0.8282326,0.7343327
video7602.webm,0.78799176,0.78328216
video7603.webm,0.89828044,0.73468095
video7604.webm,0.92371726,0.790869
video7605.webm,0.87607217,0.7756873
video7606.webm,0.87792706,0.7367926
video7607.webm,0.8092166,0.8703007
video7608.webm,0.89296556,0.7310755
video7609.webm,0.8620488,0.7505681
video7610.webm,0.8622397,0.85007715
video7611.webm,0.8879285,0.7662089
video7612.webm,0.8833673,0.89290494
video7613.webm,0.849908,0.8044242
video7614.webm,0.8481407,0.8718692
video7615.webm,0.79944193,0.6531753
video7616.webm,0.80039966,0.755682
video7617.webm,0.834654,0.85428756
video7618.webm,0.8411311,0.8697058
video7619.webm,0.8715321,0.78184766
video7621.webm,0.8620955,0.8912412
video7624.webm,0.8183124,0.79127866
video7625.webm,0.881509,0.92196494
video7626.webm,0.868578,0.8297483
video7627.webm,0.9041976,0.9279432
video7628.webm,0.8291915,0.78709376
video7629.webm,0.8247269,0.8577636
video7631.webm,0.8711757,0.8494173
video7632.webm,0.8871849,0.78636634
video7633.webm,0.8561318,0.84678614
video7634.webm,0.8849002,0.74133384
video7635.webm,0.85625255,0.78985035
video7636.webm,0.859869,0.87049025
video7637.webm,0.9016371,0.8419784
video7638.webm,0.873931,0.79715264
video7640.webm,0.8336947,0.7887701
video7641.webm,0.84091586,0.8538604
video7642.webm,0.8347575,0.83982277
video7643.webm,0.8463525,0.7990817
video7644.webm,0.81551856,0.76166505
video7646.webm,0.8545177,0.7517683
video7647.webm,0.8311863,0.7509183
video7648.webm,0.8437028,0.8233188
video7649.webm,0.852906,0.9108987
video7650.webm,0.8317842,0.69196653
video7651.webm,0.8637011,0.7960048
video7652.webm,0.85776424,0.86389
video7654.webm,0.868808,0.82839406
video7655.webm,0.86437297,0.8008205
video7656.webm,0.83375794,0.83600295
video7657.webm,0.8490329,0.7819311
video7659.webm,0.8752557,0.86047345
video7660.webm,0.88420236,0.7793715
video7661.webm,0.8182752,0.76273763
video7662.webm,0.79948145,0.7457552
video7664.webm,0.794892,0.6143559
video7665.webm,0.81265,0.6038113
video7667.webm,0.86696994,0.8015523
video7669.webm,0.90438294,0.91806257
video7670.webm,0.83466154,0.8681599
video7671.webm,0.8554741,0.8513515
video7672.webm,0.7582756,0.7442088
video7673.webm,0.8225144,0.79253626
video7674.webm,0.9135686,0.8190336
video7675.webm,0.8632637,0.83241475
video7676.webm,0.8736574,0.8464924
video7677.webm,0.8731876,0.75395626
video7678.webm,0.8624518,0.835189
video7679.webm,0.8673753,0.8281288
video7680.webm,0.83779657,0.9261498
video7681.webm,0.83439404,0.735762
video7682.webm,0.8629194,0.8183397
video7683.webm,0.8419992,0.8815764
video7686.webm,0.8626852,0.79348445
video7687.webm,0.8491334,0.83681595
video7688.webm,0.8348411,0.8100644
video7689.webm,0.8553885,0.917606
video7690.webm,0.8398985,0.8495454
video7691.webm,0.8307091,0.7720586
video7692.webm,0.84523666,0.85721225
video7694.webm,0.85826284,0.7751908
video7696.webm,0.8541144,0.80674016
video7697.webm,0.84555614,0.90573907
video7698.webm,0.8663932,0.8895867
video7699.webm,0.7767893,0.86748374
video7701.webm,0.8544559,0.912349
video7702.webm,0.8479059,0.803661
video7703.webm,0.86793447,0.7842238
video7704.webm,0.86772484,0.7338048
video7705.webm,0.7972561,0.70147705
video7706.webm,0.85708475,0.87198746
video7707.webm,0.8320794,0.7615403
video7710.webm,0.8559228,0.8240195
video7711.webm,0.88272876,0.840042
video7713.webm,0.8616091,0.7591765
video7714.webm,0.815395,0.69526666
video7715.webm,0.7953245,0.723824
video7716.webm,0.8123405,0.711987
video7717.webm,0.8464145,0.8902707
video7718.webm,0.8978451,0.86170876
video7719.webm,0.8534579,0.7491658
video7720.webm,0.868435,0.8097891
video7721.webm,0.8815657,0.8814187
video7722.webm,0.8608924,0.7912321
video7723.webm,0.8437355,0.690823
video7724.webm,0.88389546,0.85268366
video7725.webm,0.77935046,0.7780668
video7726.webm,0.87587917,0.70777
video7728.webm,0.8569632,0.6673033
video7729.webm,0.8099888,0.7005146
video7731.webm,0.86241215,0.6761397
video7732.webm,0.86251676,0.8240684
video7736.webm,0.8686782,0.8572332
video7737.webm,0.88908935,0.8575301
video7738.webm,0.8525806,0.6703907
video7739.webm,0.8744785,0.81718904
video7740.webm,0.8663717,0.9037513
video7741.webm,0.8596399,0.78957736
video7742.webm,0.86449385,0.7686623
video7743.webm,0.8500817,0.7466439
video7745.webm,0.87852174,0.6826091
video7746.webm,0.81029016,0.7339559
video7748.webm,0.8364023,0.6465154
video7749.webm,0.78943557,0.850524
video7751.webm,0.82298297,0.8238818
video7752.webm,0.8450131,0.8581825
video7753.webm,0.8781851,0.8973846
video7754.webm,0.8166074,0.8135981
video7756.webm,0.86882114,0.6749051
video7757.webm,0.8515681,0.73641366
video7758.webm,0.8669543,0.7387791
video7759.webm,0.77283883,0.77269566
video7760.webm,0.85920596,0.8123017
video7761.webm,0.8013499,0.7202766
video7762.webm,0.88254625,0.814716
video7763.webm,0.84031755,0.9308309
video7769.webm,0.85422105,0.8128666
video7770.webm,0.8763633,0.8068965
video7771.webm,0.87608904,0.87377787
video7772.webm,0.86080945,0.7585795
video7773.webm,0.87026787,0.91946006
video7774.webm,0.8596776,0.89804983
video7775.webm,0.7888945,0.73710454
video7777.webm,0.8389613,0.8070037
video7780.webm,0.8873631,0.91438943
video7782.webm,0.86117035,0.91732895
video7783.webm,0.83859164,0.8810415
video7784.webm,0.81743026,0.7863142
video7785.webm,0.8570708,0.708611
video7786.webm,0.8308542,0.8264178
video7787.webm,0.87192094,0.8000283
video7788.webm,0.8851068,0.8795909
video7789.webm,0.8038516,0.8109567
video7792.webm,0.773506,0.7534614
video7793.webm,0.84249353,0.7390154
video7795.webm,0.8682122,0.6111763
video7799.webm,0.8384385,0.7472728
video7800.webm,0.83364457,0.7091774
video7801.webm,0.83351505,0.7201234
video7802.webm,0.82291496,0.8083869
video7803.webm,0.83575386,0.8200778
video7804.webm,0.89415306,0.7950983
video7805.webm,0.83346164,0.8094567
video7806.webm,0.8570297,0.73983335
video7807.webm,0.8399697,0.7671113
video7808.webm,0.8785531,0.84867364
video7809.webm,0.8631912,0.8133292
video7811.webm,0.8648338,0.87639904
video7812.webm,0.83322096,0.790613
video7813.webm,0.85836065,0.76562077
video7815.webm,0.8582219,0.8534269
video7816.webm,0.8412827,0.81836647
video7817.webm,0.88744694,0.914036
video7818.webm,0.87141985,0.8531406
video7819.webm,0.8603699,0.81688476
video7820.webm,0.86599505,0.8687194
video7821.webm,0.86195415,0.79444027
video7822.webm,0.87654996,0.85889614
video7823.webm,0.9038627,0.86209095
video7824.webm,0.8815942,0.877522
video7825.webm,0.8458141,0.73180234
video7826.webm,0.8071207,0.8547584
video7828.webm,0.80880874,0.80646116
video7830.webm,0.8629972,0.823167
video7831.webm,0.87107337,0.7032188
video7832.webm,0.82533133,0.8007721
video7833.webm,0.7871233,0.81263125
video7834.webm,0.8030908,0.7343952
video7835.webm,0.831784,0.8555761
video7837.webm,0.86674887,0.8047938
video7838.webm,0.9047826,0.7149458
video7839.webm,0.8472631,0.80308664
video7840.webm,0.86117357,0.8077647
video7841.webm,0.84421027,0.7797076
video7842.webm,0.83738196,0.68551886
video7844.webm,0.8364855,0.82909864
video7846.webm,0.8847985,0.90342295
video7848.webm,0.82834524,0.7242994
video7849.webm,0.86429256,0.844375
video7851.webm,0.90511346,0.8271694
video7852.webm,0.803688,0.7767883
video7853.webm,0.8543686,0.8003622
video7854.webm,0.8300582,0.7466055
video7856.webm,0.8676205,0.9391004
video7858.webm,0.8849777,0.9080905
video7861.webm,0.84216094,0.8676448
video7862.webm,0.8703623,0.7046515
video7863.webm,0.87812185,0.8022657
video7865.webm,0.81893486,0.82221085
video7867.webm,0.89392537,0.661631
video7868.webm,0.828633,0.71195936
video7869.webm,0.7723612,0.7358608
video7872.webm,0.8481726,0.7358295
video7873.webm,0.8444142,0.9071965
video7874.webm,0.8598325,0.7848133
video7875.webm,0.85165846,0.8085653
video7878.webm,0.8227607,0.72023684
video7879.webm,0.8538386,0.8119071
video7880.webm,0.80492735,0.7907101
video7883.webm,0.8274096,0.7843349
video7884.webm,0.8419837,0.7853305
video7885.webm,0.87036026,0.87762755
video7886.webm,0.81741196,0.89095294
video7887.webm,0.8657449,0.9048753
video7888.webm,0.8187386,0.7096519
video7889.webm,0.8591179,0.92300934
video7890.webm,0.8636923,0.609676
video7891.webm,0.83405405,0.8736803
video7892.webm,0.8483505,0.6973282
video7893.webm,0.83985287,0.8192131
video7894.webm,0.83934283,0.881377
video7895.webm,0.79833555,0.75017256
video7896.webm,0.85896224,0.781286
video7897.webm,0.8757127,0.89787215
video7898.webm,0.81716,0.83688784
video7899.webm,0.905803,0.7757571
video7901.webm,0.89099854,0.81162155
video7902.webm,0.82998145,0.86682117
video7903.webm,0.7944595,0.7036942
video7904.webm,0.85274714,0.8311645
video7906.webm,0.87370473,0.836419
video7907.webm,0.83886427,0.84563875
video7908.webm,0.86865664,0.78210485
video7909.webm,0.87659657,0.8777147
video7910.webm,0.8214609,0.82793593
video7912.webm,0.78924453,0.66847247
video7913.webm,0.8139738,0.7602569
video7915.webm,0.8537202,0.8216565
video7916.webm,0.8560401,0.7741505
video7917.webm,0.84912807,0.7460637
video7918.webm,0.870782,0.80597967
video7919.webm,0.82691723,0.76762617
video7920.webm,0.8616728,0.72476447
video7921.webm,0.90561986,0.60054946
video7923.webm,0.8595811,0.76757574
video7925.webm,0.8285856,0.8364294
video7926.webm,0.85158896,0.8442111
video7927.webm,0.85752386,0.80980647
video7928.webm,0.88298786,0.828094
video7929.webm,0.81221896,0.80752105
video7930.webm,0.8261627,0.81632435
video7931.webm,0.84999394,0.8156389
video7933.webm,0.8974336,0.83403957
video7935.webm,0.8322606,0.6907392
video7936.webm,0.78440607,0.8252106
video7939.webm,0.8641859,0.8361689
video7940.webm,0.817283,0.6962573
video7941.webm,0.8350289,0.79100627
video7942.webm,0.876596,0.7954021
video7944.webm,0.78801763,0.62739474
video7945.webm,0.85568887,0.8077528
video7946.webm,0.83475983,0.7896249
video7947.webm,0.8527036,0.861585
video7948.webm,0.89381945,0.91208243
video7951.webm,0.8671438,0.8476286
video7952.webm,0.8605216,0.88779557
video7953.webm,0.8734528,0.8065393
video7954.webm,0.8397262,0.7594151
video7955.webm,0.8679361,0.86164546
video7956.webm,0.81763256,0.8016509
video7957.webm,0.82232374,0.78343457
video7958.webm,0.8602574,0.85162175
video7959.webm,0.88951945,0.92319334
video7961.webm,0.8349552,0.943127
video7962.webm,0.8890902,0.6475997
video7963.webm,0.8804856,0.71493393
video7964.webm,0.8089407,0.7672825
video7967.webm,0.83637476,0.80325514
video7969.webm,0.8659991,0.70076466
video7970.webm,0.836321,0.73289
video7972.webm,0.86613756,0.72974783
video7973.webm,0.8416896,0.86181235
video7975.webm,0.80198514,0.58264256
video7976.webm,0.8554859,0.7799137
video7977.webm,0.8578067,0.82299936
video7980.webm,0.83423537,0.82550746
video7981.webm,0.80848026,0.85403347
video7983.webm,0.78155804,0.81470543
video7984.webm,0.8470122,0.8069116
video7985.webm,0.8819688,0.844705
video7986.webm,0.78888535,0.67043453
video7987.webm,0.8329673,0.8830596
video7988.webm,0.90081155,0.8590673
video7990.webm,0.82146317,0.85064626
video7991.webm,0.8428523,0.8802504
video7992.webm,0.8711239,0.83584756
video7993.webm,0.86077017,0.795484
video7994.webm,0.86604494,0.91123325
video7995.webm,0.8547314,0.8704206
video7996.webm,0.86537385,0.87002736
video7997.webm,0.8477266,0.7845584
video7998.webm,0.83336425,0.8526695
video7999.webm,0.8460968,0.6829967
video8000.webm,0.80772454,0.8142607
video8001.webm,0.82306373,0.8092267
video8002.webm,0.82889813,0.87596786
video8004.webm,0.88328993,0.8271649
video8008.webm,0.83674455,0.7610651
video8009.webm,0.8718879,0.7908557
video8010.webm,0.9186302,0.87138355
video8012.webm,0.8466525,0.80612177
video8013.webm,0.8213686,0.84108734
video8014.webm,0.8602265,0.67531925
video8015.webm,0.83625615,0.66982025
video8016.webm,0.867596,0.74356306
video8018.webm,0.80557555,0.80632555
video8019.webm,0.84346414,0.7347491
video8021.webm,0.8676635,0.9050782
video8022.webm,0.8360063,0.802342
video8023.webm,0.8486624,0.77202344
video8024.webm,0.83478576,0.8299612
video8026.webm,0.85645664,0.93181634
video8027.webm,0.88009936,0.70655084
video8028.webm,0.85778105,0.8271484
video8029.webm,0.8746382,0.65902644
video8030.webm,0.8519738,0.80200183
video8032.webm,0.81891024,0.7990613
video8033.webm,0.8258602,0.72057027
video8035.webm,0.8679038,0.8127179
video8036.webm,0.87931395,0.7343609
video8037.webm,0.81988907,0.6902438
video8038.webm,0.8825286,0.7310676
video8040.webm,0.81693196,0.7477009
video8041.webm,0.83069396,0.7592478
video8042.webm,0.84191865,0.85867625
video8043.webm,0.8217204,0.7779175
video8044.webm,0.8635354,0.8257888
video8045.webm,0.818702,0.828864
video8047.webm,0.7882222,0.8154995
video8048.webm,0.8936596,0.7828691
video8049.webm,0.81255955,0.765576
video8050.webm,0.8597775,0.81284213
video8051.webm,0.890394,0.61884826
video8052.webm,0.83753157,0.7660571
video8054.webm,0.8320456,0.7165517
video8056.webm,0.86790407,0.8927128
video8057.webm,0.84777904,0.76642436
video8058.webm,0.8612962,0.7988909
video8059.webm,0.8343675,0.6944358
video8060.webm,0.85854995,0.83772546
video8061.webm,0.8477161,0.7468474
video8062.webm,0.845071,0.812438
video8063.webm,0.82311493,0.91276264
video8064.webm,0.82817495,0.6408961
video8065.webm,0.88560647,0.89490575
video8066.webm,0.8523061,0.8102673
video8067.webm,0.82555705,0.70436716
video8068.webm,0.8531005,0.74693245
video8069.webm,0.77637297,0.7860869
video8071.webm,0.87156993,0.75817937
video8072.webm,0.8687256,0.89674085
video8073.webm,0.8358096,0.7494252
video8074.webm,0.8733179,0.7534338
video8075.webm,0.84740365,0.90105534
video8076.webm,0.81884503,0.79319715
video8077.webm,0.8454881,0.8400722
video8078.webm,0.8883868,0.74140745
video8079.webm,0.8603841,0.5377005
video8080.webm,0.8333143,0.878842
video8081.webm,0.8472716,0.77003425
video8082.webm,0.87554073,0.7396355
video8084.webm,0.8626555,0.82764685
video8085.webm,0.8398803,0.8549163
video8086.webm,0.8979347,0.78662854
video8087.webm,0.8767177,0.7838689
video8088.webm,0.86404467,0.8530241
video8089.webm,0.8810437,0.78146714
video8090.webm,0.7776068,0.681905
video8091.webm,0.83465296,0.7218927
video8092.webm,0.85771096,0.85286343
video8095.webm,0.86521447,0.81603897
video8096.webm,0.86853415,0.72861624
video8097.webm,0.8386296,0.8817544
video8098.webm,0.87283623,0.8645632
video8100.webm,0.8132031,0.79036236
video8101.webm,0.8441351,0.7713332
video8102.webm,0.8454028,0.8041806
video8103.webm,0.87170804,0.6854216
video8104.webm,0.8829469,0.76855093
video8105.webm,0.81413966,0.81473297
video8108.webm,0.83286303,0.8516079
video8109.webm,0.8660691,0.83351374
video8110.webm,0.83200115,0.8459297
video8111.webm,0.9052988,0.7194665
video8112.webm,0.84084845,0.8319698
video8113.webm,0.876216,0.78195775
video8114.webm,0.86488914,0.77952754
video8115.webm,0.8869201,0.821909
video8118.webm,0.8351202,0.8438106
video8120.webm,0.87255317,0.83496296
video8121.webm,0.85539025,0.7584859
video8122.webm,0.8021841,0.82600164
video8123.webm,0.8746564,0.83626837
video8124.webm,0.83999556,0.84729093
video8126.webm,0.86691904,0.76249534
video8127.webm,0.8501294,0.83113986
video8128.webm,0.8078261,0.80980873
video8131.webm,0.8700237,0.6940353
video8132.webm,0.87947845,0.8003819
video8134.webm,0.8614034,0.84579206
video8136.webm,0.8739557,0.80057395
video8137.webm,0.8110219,0.838606
video8138.webm,0.8657638,0.8410892
video8140.webm,0.8294738,0.9461417
video8142.webm,0.8623207,0.84808695
video8145.webm,0.8872128,0.7195691
video8146.webm,0.8916919,0.83652395
video8147.webm,0.84990376,0.7023436
video8149.webm,0.8298859,0.87463015
video8150.webm,0.8221308,0.79490066
video8151.webm,0.85821724,0.78092575
video8152.webm,0.8601857,0.9352768
video8153.webm,0.9023741,1.0017908
video8155.webm,0.8612107,0.8307781
video8156.webm,0.8408282,0.8586013
video8157.webm,0.81861854,0.70234525
video8158.webm,0.85006136,0.8049857
video8159.webm,0.8178104,0.77405363
video8161.webm,0.7947846,0.8566187
video8162.webm,0.81111276,0.7316005
video8163.webm,0.8260391,0.8059727
video8165.webm,0.86821663,0.6643382
video8166.webm,0.8825872,0.8269752
video8167.webm,0.8671843,0.84619945
video8168.webm,0.839747,0.8100265
video8169.webm,0.84356946,0.7007626
video8170.webm,0.846811,0.81684405
video8171.webm,0.8725513,0.8437564
video8172.webm,0.88488805,0.81760883
video8174.webm,0.82689416,0.826782
video8175.webm,0.8673924,0.85906756
video8178.webm,0.78497446,0.7301272
video8179.webm,0.7916529,0.6440898
video8180.webm,0.8257126,0.80715
video8181.webm,0.8930876,0.8875464
video8182.webm,0.86403835,0.75317675
video8184.webm,0.8524278,0.6962658
video8185.webm,0.8087388,0.7519646
video8186.webm,0.8328911,0.8153371
video8187.webm,0.87198937,0.81556076
video8188.webm,0.8622427,0.81344676
video8189.webm,0.8492435,0.81436306
video8190.webm,0.886853,0.7885237
video8191.webm,0.8730087,0.76853526
video8192.webm,0.85990095,0.8312775
video8193.webm,0.88097984,0.8548403
video8194.webm,0.8445384,0.8158137
video8195.webm,0.883707,0.8602427
video8196.webm,0.8295765,0.78655547
video8197.webm,0.8005021,0.7450779
video8198.webm,0.8709621,0.7832685
video8199.webm,0.87814784,0.92832977
video8200.webm,0.8483532,0.82503045
video8201.webm,0.8769848,0.84726626
video8202.webm,0.8007536,0.84328514
video8205.webm,0.8345519,0.8178662
video8206.webm,0.8969304,0.8771188
video8207.webm,0.8640776,0.79534894
video8208.webm,0.828358,0.73393154
video8209.webm,0.8257419,0.7680809
video8210.webm,0.9122968,0.87353146
video8211.webm,0.90490454,0.8667722
video8214.webm,0.89020264,0.85313195
video8215.webm,0.86282116,0.79612005
video8216.webm,0.78888714,0.75008726
video8217.webm,0.8483024,0.73723495
video8218.webm,0.889222,0.81106704
video8219.webm,0.8531018,0.80247164
video8220.webm,0.83763915,0.809544
video8221.webm,0.7976849,0.64378655
video8222.webm,0.8374604,0.77031857
video8224.webm,0.8981451,0.7206274
video8225.webm,0.8476951,0.82256484
video8226.webm,0.8663233,0.91169596
video8227.webm,0.8695841,0.7718017
video8228.webm,0.8303694,0.81969106
video8229.webm,0.75697094,0.74393344
video8230.webm,0.8732488,0.7223749
video8231.webm,0.87547964,0.7865771
video8233.webm,0.86663926,0.91458774
video8234.webm,0.8224901,0.66372097
video8235.webm,0.88250095,0.7744445
video8236.webm,0.8517298,0.7925787
video8238.webm,0.84992915,0.7471121
video8239.webm,0.8852997,0.882639
video8240.webm,0.8375168,0.8853306
video8241.webm,0.83173406,0.6231702
video8243.webm,0.81065667,0.8705827
video8245.webm,0.80346394,0.863686
video8246.webm,0.8772226,0.8465946
video8247.webm,0.8625552,0.67471766
video8249.webm,0.8750839,0.8218874
video8251.webm,0.86481136,0.8764847
video8252.webm,0.8653276,0.825475
video8253.webm,0.84525037,0.8454842
video8254.webm,0.8365483,0.8126245
video8256.webm,0.8368031,0.78750694
video8259.webm,0.83157027,0.811465
video8260.webm,0.863383,0.7381377
video8261.webm,0.86228585,0.7679086
video8263.webm,0.8166205,0.78739095
video8265.webm,0.8843079,0.81249094
video8266.webm,0.8783867,0.9367111
video8267.webm,0.804268,0.76087826
video8268.webm,0.8201233,0.7956103
video8269.webm,0.84270203,0.80568343
video8271.webm,0.8314359,0.86232656
video8272.webm,0.8565799,0.88135576
video8274.webm,0.84649533,0.8190067
video8275.webm,0.86318606,0.7985778
video8276.webm,0.79492795,0.71829844
video8277.webm,0.84020364,0.8354982
video8279.webm,0.8033303,0.769232
video8280.webm,0.8645561,0.79972005
video8282.webm,0.87726825,0.7999918
video8283.webm,0.8327101,0.8975388
video8284.webm,0.81674194,0.7046131
video8286.webm,0.86775774,0.76280415
video8287.webm,0.86101925,0.8835457
video8288.webm,0.87284505,0.8368947
video8289.webm,0.86089087,0.780149
video8290.webm,0.881111,0.8188974
video8291.webm,0.8832557,0.91415083
video8292.webm,0.828689,0.862248
video8293.webm,0.8268876,0.82360005
video8294.webm,0.7707858,0.7910384
video8295.webm,0.8313825,0.7921737
video8296.webm,0.8559502,0.75620776
video8297.webm,0.8648498,0.81263566
video8299.webm,0.8475957,0.7292856
video8300.webm,0.80921704,0.87937474
video8301.webm,0.8077674,0.81576043
video8303.webm,0.89135945,0.8366134
video8304.webm,0.8303346,0.71977735
video8305.webm,0.7944295,0.81638885
video8306.webm,0.85411435,0.73342776
video8308.webm,0.84732026,0.8079414
video8309.webm,0.8708113,0.8562236
video8310.webm,0.85702044,0.8809108
video8311.webm,0.84867513,0.79476863
video8313.webm,0.8621475,0.893759
video8314.webm,0.85754323,0.85150725
video8316.webm,0.8650858,0.8783035
video8317.webm,0.8200702,0.77167064
video8318.webm,0.76399624,0.775792
video8319.webm,0.82404315,0.84888417
video8322.webm,0.8273723,0.8082144
video8323.webm,0.90012765,0.9249855
video8324.webm,0.87460864,0.83990693
video8325.webm,0.87384856,0.79827046
video8326.webm,0.8792436,0.81829596
video8327.webm,0.833154,0.76060265
video8328.webm,0.873429,0.8085548
video8329.webm,0.8639146,0.85407597
video8330.webm,0.8246212,0.90066916
video8331.webm,0.8629107,0.79210174
video8333.webm,0.8624318,0.7007005
video8334.webm,0.84148496,0.7135901
video8335.webm,0.8845679,0.8242234
video8336.webm,0.7748153,0.80848855
video8337.webm,0.85920596,0.8536763
video8338.webm,0.88906765,0.7800421
video8339.webm,0.864084,0.7870962
video8341.webm,0.8528412,0.9019307
video8344.webm,0.87307537,0.77182615
video8345.webm,0.84965324,0.76863945
video8346.webm,0.8693044,0.8019361
video8347.webm,0.8967691,0.8792265
video8348.webm,0.8658542,0.86800873
video8349.webm,0.89372206,0.9088752
video8350.webm,0.8578863,0.70699346
video8351.webm,0.8761899,0.78310436
video8352.webm,0.8370147,0.7017007
video8353.webm,0.8408332,0.8764774
video8354.webm,0.85929644,0.7702083
video8355.webm,0.82281643,0.7771451
video8356.webm,0.83424306,0.70229495
video8357.webm,0.89287615,0.8324778
video8358.webm,0.83119106,0.83399105
video8359.webm,0.8542895,0.75560033
video8360.webm,0.8119025,0.8857777
video8361.webm,0.85004044,0.8878058
video8363.webm,0.82941717,0.84958327
video8364.webm,0.8539472,0.7724015
video8365.webm,0.83295476,0.8747042
video8366.webm,0.8551004,0.8187042
video8367.webm,0.8498905,0.7519561
video8368.webm,0.8096375,0.79598916
video8369.webm,0.8614781,0.747759
video8371.webm,0.8681374,0.85646725
video8374.webm,0.8610345,0.85583407
video8375.webm,0.81256634,0.7851044
video8377.webm,0.83780724,0.82537454
video8378.webm,0.8368618,0.7923999
video8379.webm,0.8637883,0.7745105
video8380.webm,0.861495,0.7847938
video8381.webm,0.83555007,0.7863437
video8382.webm,0.8915847,0.8321563
video8383.webm,0.856171,0.85617375
video8384.webm,0.8521896,0.83480257
video8385.webm,0.8777164,0.81708175
video8386.webm,0.86824936,0.85425085
video8387.webm,0.859995,0.8434063
video8389.webm,0.8826857,0.8456683
video8390.webm,0.8722102,0.758513
video8394.webm,0.8236629,0.81724155
video8395.webm,0.84016323,0.8008907
video8396.webm,0.872316,0.8692913
video8397.webm,0.88315463,0.82184803
video8398.webm,0.86121076,0.8687776
video8399.webm,0.7957369,0.8160141
video8400.webm,0.85513914,0.6980779
video8401.webm,0.8521011,0.83205223
video8402.webm,0.84185666,0.9047476
video8403.webm,0.83602256,0.7507993
video8405.webm,0.86250573,0.8304224
video8406.webm,0.85210705,0.8943603
video8407.webm,0.87215394,0.8564711
video8409.webm,0.8523642,0.7819662
video8410.webm,0.8381412,0.727533
video8414.webm,0.8077992,0.7109323
video8415.webm,0.8585024,0.8842778
video8420.webm,0.85146517,0.82010895
video8421.webm,0.84962744,0.79894435
video8422.webm,0.87603486,0.79756325
video8423.webm,0.84461504,0.72553116
video8425.webm,0.8655577,0.9079284
video8426.webm,0.8109916,0.82269037
video8427.webm,0.76390475,0.84180915
video8428.webm,0.8565828,0.8383163
video8429.webm,0.83626556,0.81306124
video8430.webm,0.8303368,0.7306253
video8433.webm,0.8238198,0.78269386
video8434.webm,0.8370308,0.7234266
video8435.webm,0.83820915,0.86701775
video8436.webm,0.88256675,0.91612446
video8437.webm,0.8778049,0.82616484
video8438.webm,0.8886196,0.82128644
video8439.webm,0.85495096,0.78881556
video8441.webm,0.87767696,0.85764587
video8442.webm,0.8370232,0.73514587
video8443.webm,0.8238399,0.8190179
video8444.webm,0.86525226,0.58352995
video8446.webm,0.8896466,0.8001162
video8447.webm,0.88332725,0.7711936
video8448.webm,0.86477023,0.8243689
video8449.webm,0.8849987,0.9521918
video8451.webm,0.87835145,0.8964511
video8452.webm,0.85762703,0.8385019
video8453.webm,0.87213784,0.772766
video8454.webm,0.9258703,0.8808897
video8455.webm,0.8477991,0.8540732
video8456.webm,0.85972905,0.955975
video8458.webm,0.89797485,0.87365794
video8459.webm,0.8602004,0.8142712
video8461.webm,0.85196054,0.7972261
video8464.webm,0.8858884,0.85347944
video8465.webm,0.75323796,0.6949934
video8466.webm,0.8311726,0.79012364
video8468.webm,0.8407306,0.7184998
video8470.webm,0.8472966,0.82656413
video8471.webm,0.808707,0.8349674
video8472.webm,0.86844975,0.8433169
video8473.webm,0.8342049,0.67245585
video8474.webm,0.83003116,0.7291883
video8475.webm,0.83913743,0.9109746
video8476.webm,0.78282,0.68487996
video8477.webm,0.8304295,0.6306622
video8478.webm,0.82185686,0.85195327
video8479.webm,0.8699639,0.85607994
video8480.webm,0.83622193,0.8507211
video8481.webm,0.8444943,0.8664441
video8482.webm,0.88694197,0.8448062
video8485.webm,0.8309669,0.743372
video8487.webm,0.8738102,0.7724067
video8488.webm,0.84461755,0.8809614
video8489.webm,0.88021046,0.8156079
video8491.webm,0.8193344,0.5693465
video8492.webm,0.8108221,0.94675684
video8493.webm,0.89138144,0.85654014
video8494.webm,0.86313164,0.9185375
video8495.webm,0.8493024,0.73340446
video8496.webm,0.8401279,0.6610848
video8497.webm,0.8699016,0.8692915
video8498.webm,0.8342861,0.7563415
video8499.webm,0.8990109,0.85851836
video8500.webm,0.86811846,0.8245776
video8503.webm,0.86046135,0.8992016
video8504.webm,0.83303326,0.8114276
video8505.webm,0.8228293,0.73973274
video8506.webm,0.8574508,0.8377834
video8507.webm,0.8662267,0.8065038
video8508.webm,0.85143083,0.7846
video8509.webm,0.8953314,0.8972862
video8510.webm,0.831017,0.8460725
video8512.webm,0.8882519,0.78850263
video8513.webm,0.84305775,0.7817489
video8514.webm,0.8845917,0.7776471
video8515.webm,0.80491644,0.7804535
video8516.webm,0.7728595,0.73578095
video8517.webm,0.85213655,0.7485879
video8518.webm,0.843688,0.89991105
video8520.webm,0.87742335,0.6430388
video8521.webm,0.85900676,0.77772236
video8522.webm,0.81380385,0.8283085
video8525.webm,0.8650894,0.82947344
video8526.webm,0.8840264,0.76558787
video8529.webm,0.8446904,0.8214624
video8530.webm,0.89001215,0.90036345
video8531.webm,0.85685426,0.7875692
video8532.webm,0.8779149,0.67315716
video8535.webm,0.7930815,0.8461419
video8538.webm,0.8847017,0.8413588
video8542.webm,0.8669077,0.93441725
video8543.webm,0.8173444,0.74394524
video8544.webm,0.7997167,0.7783602
video8545.webm,0.79402214,0.8156397
video8546.webm,0.8241857,0.8493376
video8547.webm,0.8587394,0.79740185
video8549.webm,0.8418322,0.74548763
video8550.webm,0.8362558,0.69629514
video8551.webm,0.8753799,0.7822772
video8552.webm,0.8388346,0.8020199
video8553.webm,0.8598063,0.83299804
video8554.webm,0.82844186,0.666905
video8556.webm,0.86351854,0.8395248
video8557.webm,0.8635503,0.8384153
video8558.webm,0.8817014,0.81734836
video8560.webm,0.8284692,0.7166172
video8561.webm,0.8470031,0.882095
video8562.webm,0.8873584,0.78591883
video8563.webm,0.80003667,0.8216686
video8565.webm,0.8424971,0.8237393
video8566.webm,0.8137508,0.8187217
video8568.webm,0.8274328,0.8862383
video8572.webm,0.8774064,0.95126367
video8573.webm,0.8249074,0.757974
video8575.webm,0.88290143,0.83177376
video8576.webm,0.81026554,0.7688172
video8577.webm,0.8516924,0.7018666
video8578.webm,0.847179,0.88933265
video8579.webm,0.8187202,0.6796049
video8580.webm,0.8487096,0.83415365
video8581.webm,0.8193602,0.81920964
video8582.webm,0.84981817,0.7793226
video8583.webm,0.82555187,0.82168055
video8584.webm,0.8044869,0.78231883
video8585.webm,0.78928775,0.8149486
video8586.webm,0.8338041,0.8428501
video8587.webm,0.8344862,0.8167361
video8588.webm,0.8491664,0.7482028
video8590.webm,0.81454146,0.7048751
video8591.webm,0.86877596,0.86607
video8592.webm,0.8675775,0.8075373
video8593.webm,0.82374465,0.8179227
video8594.webm,0.82611215,0.8807601
video8595.webm,0.8536728,0.7260159
video8596.webm,0.8598529,0.7851075
video8597.webm,0.8163135,0.8635511
video8598.webm,0.86590505,0.7075531
video8600.webm,0.8529761,0.89201254
video8601.webm,0.86318016,0.8072388
video8602.webm,0.82440335,0.760358
video8603.webm,0.8473748,0.80330706
video8604.webm,0.8148116,0.8464441
video8605.webm,0.8276684,0.79541624
video8606.webm,0.8898705,0.85932416
video8607.webm,0.85169643,0.8559241
video8609.webm,0.8637495,0.83460253
video8611.webm,0.84992695,0.7459769
video8613.webm,0.8348262,0.7927933
video8614.webm,0.85859853,0.733975
video8615.webm,0.8797942,0.7809543
video8616.webm,0.8381426,0.8901675
video8618.webm,0.8612836,0.74145496
video8619.webm,0.85467684,0.87408215
video8621.webm,0.87162834,0.8077622
video8622.webm,0.8389717,0.79086673
video8623.webm,0.84930885,0.8445788
video8624.webm,0.7957219,0.65869564
video8625.webm,0.89135313,0.74213916
video8628.webm,0.8452637,0.8427512
video8629.webm,0.86924195,0.8887806
video8630.webm,0.88177633,0.763436
video8631.webm,0.8756962,0.7597415
video8632.webm,0.8637533,0.8183073
video8633.webm,0.8472452,0.8337643
video8635.webm,0.83115023,0.7415315
video8636.webm,0.88049847,0.8972922
video8637.webm,0.8294877,0.6789487
video8638.webm,0.8840896,0.85287464
video8640.webm,0.8617208,0.84584856
video8641.webm,0.8520241,0.85284764
video8642.webm,0.8384897,0.86577773
video8643.webm,0.84835494,0.88791835
video8644.webm,0.88816583,0.7568535
video8646.webm,0.8151654,0.7407227
video8647.webm,0.83157104,0.8040464
video8648.webm,0.8275933,0.74095243
video8649.webm,0.91991645,0.8025112
video8650.webm,0.8030679,0.802994
video8652.webm,0.85076207,0.77036154
video8653.webm,0.8404714,0.7618841
video8654.webm,0.84210944,0.67111105
video8655.webm,0.85312426,0.79762346
video8657.webm,0.86906123,0.8908019
video8658.webm,0.86461264,0.8482072
video8659.webm,0.80803525,0.88468885
video8660.webm,0.83544284,0.71622366
video8661.webm,0.85890824,0.93928844
video8663.webm,0.8223908,0.87634456
video8664.webm,0.8660926,0.89753675
video8665.webm,0.8505578,0.8627542
video8667.webm,0.87498456,0.7709585
video8668.webm,0.8771325,0.8956057
video8669.webm,0.81032753,0.7017893
video8670.webm,0.800363,0.7988444
video8671.webm,0.86636126,0.86068803
video8672.webm,0.8711111,0.82446015
video8673.webm,0.8064639,0.8331103
video8674.webm,0.8483762,0.78763396
video8676.webm,0.816567,0.7559916
video8677.webm,0.8583709,0.83710563
video8678.webm,0.8722133,0.97097063
video8679.webm,0.8310883,0.8233604
video8680.webm,0.9085922,0.8489121
video8683.webm,0.8425653,0.7671491
video8684.webm,0.8935025,0.7553666
video8685.webm,0.8674692,0.76979023
video8687.webm,0.8589249,0.75527906
video8689.webm,0.8967927,0.8386979
video8691.webm,0.812402,0.6870899
video8692.webm,0.78679264,0.715592
video8693.webm,0.812804,0.8208427
video8694.webm,0.846621,0.769266
video8695.webm,0.8845816,0.84217846
video8696.webm,0.8233813,0.8651937
video8698.webm,0.85595167,0.6622262
video8700.webm,0.8744209,0.8447802
video8701.webm,0.7965212,0.8715977
video8702.webm,0.89215285,0.86704946
video8704.webm,0.85482544,0.7675854
video8705.webm,0.8618306,0.853968
video8708.webm,0.8610519,0.79318464
video8709.webm,0.84947306,0.8381115
video8710.webm,0.8891414,0.8472722
video8711.webm,0.84456193,0.7703695
video8713.webm,0.86900103,0.83092576
video8714.webm,0.78745246,0.8661927
video8717.webm,0.8456838,0.79156566
video8718.webm,0.88197255,0.8851963
video8719.webm,0.84474254,0.78653467
video8720.webm,0.84038913,0.7780519
video8722.webm,0.8442365,0.797402
video8723.webm,0.82117397,0.76254106
video8724.webm,0.8340566,0.71417785
video8725.webm,0.79129505,0.6488658
video8726.webm,0.8132459,0.86235565
video8727.webm,0.891775,0.79114085
video8729.webm,0.8536219,0.7329783
video8730.webm,0.8533443,0.8200343
video8731.webm,0.83457875,0.663578
video8732.webm,0.85942316,0.82037544
video8733.webm,0.87920177,0.88913417
video8734.webm,0.8551452,0.89833355
video8735.webm,0.87245274,0.8506396
video8736.webm,0.8611203,0.7918558
video8738.webm,0.8617158,0.837003
video8739.webm,0.87408674,0.7470592
video8740.webm,0.89518404,0.6670088
video8741.webm,0.8349184,0.7419882
video8742.webm,0.8384411,0.670958
video8743.webm,0.9105876,0.74544513
video8744.webm,0.85982543,0.923945
video8746.webm,0.89254415,0.8492391
video8748.webm,0.8511349,0.7598554
video8749.webm,0.8349887,0.7235229
video8750.webm,0.87287647,0.7882782
video8751.webm,0.7942858,0.8524743
video8752.webm,0.8408247,0.7771043
video8753.webm,0.8970017,0.9145319
video8754.webm,0.8573936,0.78824395
video8755.webm,0.8722359,0.83984745
video8756.webm,0.8979141,0.8174705
video8757.webm,0.86820424,0.863279
video8758.webm,0.8583304,0.7545937
video8759.webm,0.8538323,0.7765994
video8760.webm,0.8914489,0.81556225
video8762.webm,0.88950646,0.7147679
video8763.webm,0.82292736,0.7980628
video8764.webm,0.8553062,0.614076
video8765.webm,0.8591711,0.8326884
video8766.webm,0.78600097,0.71581316
video8768.webm,0.873809,0.8536644
video8770.webm,0.8641681,0.91478497
video8771.webm,0.87368196,0.8748362
video8772.webm,0.8263693,0.83275634
video8774.webm,0.853569,0.81508714
video8775.webm,0.87639916,0.834011
video8776.webm,0.8605666,0.7403096
video8778.webm,0.8401902,0.784932
video8779.webm,0.8764721,0.78460765
video8780.webm,0.80512977,0.6758476
video8781.webm,0.8115861,0.79060686
video8782.webm,0.8643562,0.8217747
video8783.webm,0.84737635,0.90862685
video8784.webm,0.8242711,0.83044475
video8785.webm,0.86225194,0.7420063
video8786.webm,0.8151664,0.7946484
video8788.webm,0.88166827,0.7758973
video8789.webm,0.8296131,0.83902544
video8790.webm,0.8004842,0.8012928
video8791.webm,0.8577869,0.76077896
video8792.webm,0.8173855,0.7620697
video8794.webm,0.8735737,0.8803346
video8795.webm,0.8382456,0.7694085
video8796.webm,0.8674765,0.87630314
video8797.webm,0.8315236,0.62976146
video8799.webm,0.77300936,0.6824558
video8800.webm,0.83199024,0.87338203
video8802.webm,0.8327183,0.7159462
video8803.webm,0.86361593,0.8317257
video8804.webm,0.8659585,0.8216729
video8805.webm,0.88122785,0.774226
video8806.webm,0.8790487,0.88070685
video8807.webm,0.8724003,0.8082416
video8808.webm,0.84904796,0.7714193
video8810.webm,0.84629756,0.8336976
video8811.webm,0.83195823,0.8449371
video8813.webm,0.8107448,0.69358945
video8814.webm,0.89825106,0.8182143
video8815.webm,0.8948473,0.8267423
video8816.webm,0.86135614,0.75334895
video8817.webm,0.86374,0.7796611
video8818.webm,0.83334744,0.8055095
video8819.webm,0.8513943,0.8312745
video8820.webm,0.8142878,0.842243
video8821.webm,0.84585583,0.6919136
video8822.webm,0.8714476,0.82936734
video8825.webm,0.82867444,0.7601018
video8826.webm,0.8297663,0.8368001
video8827.webm,0.85496545,0.7336799
video8828.webm,0.8194034,0.86962074
video8829.webm,0.79492223,0.75711703
video8830.webm,0.8873044,0.82911795
video8833.webm,0.8563559,0.89074117
video8834.webm,0.8464347,0.87713474
video8835.webm,0.8561546,0.8344579
video8837.webm,0.86480653,0.85429066
video8838.webm,0.9047302,0.83581924
video8840.webm,0.8319406,0.8213301
video8842.webm,0.7911109,0.78794754
video8843.webm,0.7930327,0.74427843
video8845.webm,0.85694975,0.79421425
video8846.webm,0.8536204,0.71726966
video8849.webm,0.85702837,0.7578703
video8851.webm,0.85530645,0.81131536
video8852.webm,0.82505006,0.75463307
video8853.webm,0.8909714,0.74094325
video8855.webm,0.85316426,0.8286585
video8856.webm,0.8731517,0.8667114
video8858.webm,0.7926547,0.7511102
video8859.webm,0.78591216,0.7118639
video8860.webm,0.8540776,0.8961042
video8861.webm,0.8736837,0.8812499
video8862.webm,0.86321175,0.7985475
video8863.webm,0.8182277,0.73959774
video8865.webm,0.86876917,0.7697506
video8866.webm,0.8091672,0.8168479
video8868.webm,0.871409,0.810745
video8869.webm,0.8498769,0.8590902
video8870.webm,0.806693,0.82561815
video8871.webm,0.8707294,0.71869725
video8872.webm,0.84496844,0.81947166
video8873.webm,0.8294974,0.7373136
video8874.webm,0.8573289,0.7184543
video8875.webm,0.8610853,0.7692521
video8876.webm,0.9032248,0.82755214
video8877.webm,0.8623439,0.8101797
video8878.webm,0.85678744,0.74101245
video8879.webm,0.8804278,0.8293899
video8881.webm,0.81532264,0.8732219
video8883.webm,0.8872688,0.68785304
video8885.webm,0.8704078,0.8714885
video8887.webm,0.8693633,0.82354337
video8888.webm,0.8000676,0.8669871
video8889.webm,0.862987,0.8587208
video8890.webm,0.8411789,0.7029709
video8891.webm,0.79259217,0.6842022
video8892.webm,0.86129755,0.8082766
video8893.webm,0.8395648,0.9053088
video8894.webm,0.8862447,0.8405041
video8895.webm,0.8199184,0.8088189
video8896.webm,0.8260626,0.83652997
video8897.webm,0.8532298,0.9311709
video8900.webm,0.8517504,0.78187346
video8902.webm,0.8509646,0.89150774
video8903.webm,0.8443688,0.8336397
video8904.webm,0.83472914,0.68662995
video8905.webm,0.8759512,0.88429326
video8906.webm,0.84477615,0.80691326
video8907.webm,0.86200815,0.7568908
video8909.webm,0.803439,0.83032113
video8910.webm,0.86821014,0.8937586
video8911.webm,0.8531296,0.8384681
video8912.webm,0.81861615,0.58795846
video8913.webm,0.80867904,0.76762867
video8914.webm,0.7842798,0.7428374
video8915.webm,0.8326304,0.773729
video8916.webm,0.84750557,0.85206926
video8918.webm,0.8323198,0.7411204
video8920.webm,0.8245879,0.7483519
video8923.webm,0.86377376,0.83515435
video8924.webm,0.82356346,0.79697585
video8926.webm,0.85873246,0.8638474
video8928.webm,0.82709557,0.68807924
video8929.webm,0.9047786,0.79628015
video8930.webm,0.82523894,0.88301444
video8931.webm,0.8393813,0.798457
video8932.webm,0.8740139,0.84496176
video8933.webm,0.84478354,0.7692306
video8934.webm,0.8464509,0.7307927
video8935.webm,0.871313,0.8429916
video8937.webm,0.8606495,0.87506807
video8938.webm,0.8547303,0.8725214
video8940.webm,0.8656875,0.83410853
video8942.webm,0.8152926,0.82483923
video8944.webm,0.7518687,0.8002726
video8945.webm,0.8542634,0.7739125
video8946.webm,0.9123945,0.9444738
video8948.webm,0.84172666,0.7846246
video8949.webm,0.8648359,0.8587531
video8950.webm,0.82036185,0.7641069
video8952.webm,0.85821974,0.79422414
video8953.webm,0.81199247,0.71283674
video8954.webm,0.8452015,0.8117858
video8955.webm,0.85346407,0.7506867
video8956.webm,0.8510137,0.78178114
video8957.webm,0.83576256,0.8162524
video8959.webm,0.8050809,0.6404628
video8960.webm,0.77881134,0.72815204
video8961.webm,0.86005396,0.870213
video8962.webm,0.8348346,0.7758996
video8963.webm,0.8721444,0.85084546
video8964.webm,0.84355074,0.84423316
video8965.webm,0.8735215,0.75507796
video8967.webm,0.8157655,0.7755613
video8968.webm,0.8397237,0.593853
video8969.webm,0.9039838,0.89449614
video8970.webm,0.8638324,0.80842406
video8972.webm,0.81143713,0.71608603
video8973.webm,0.8339169,0.69880104
video8974.webm,0.7726181,0.7284405
video8976.webm,0.838769,0.85118496
video8977.webm,0.8950845,0.7913279
video8978.webm,0.8700874,0.8696656
video8979.webm,0.78861487,0.66395295
video8980.webm,0.84325105,0.8484138
video8981.webm,0.8650564,0.8830755
video8983.webm,0.82162756,0.7553887
video8984.webm,0.89650863,0.7544547
video8985.webm,0.8522783,0.8249788
video8986.webm,0.87717664,0.8694731
video8987.webm,0.84020746,0.7327924
video8988.webm,0.8420995,0.7499478
video8989.webm,0.842189,0.8056343
video8990.webm,0.8380378,0.78945905
video8992.webm,0.8845651,0.84858716
video8994.webm,0.85833323,0.8240841
video8995.webm,0.8742987,0.7691836
video8997.webm,0.8884332,0.82876164
video8998.webm,0.8468356,0.88722485
video8999.webm,0.7806701,0.6941664
video9000.webm,0.8377022,0.9274478
video9001.webm,0.87482476,0.7344921
video9003.webm,0.8802764,0.76476717
video9004.webm,0.8546164,0.67274946
video9005.webm,0.8521317,0.97738796
video9006.webm,0.77125424,0.8559273
video9007.webm,0.8439247,0.7869096
video9008.webm,0.84610236,0.7791313
video9009.webm,0.84760493,0.8793402
video9010.webm,0.83785015,0.87333083
video9011.webm,0.7638873,0.63349575
video9012.webm,0.84081316,0.91871953
video9013.webm,0.87053216,0.8983316
video9014.webm,0.90582776,0.86722124
video9016.webm,0.84460056,0.8765336
video9017.webm,0.7993946,0.78510165
video9018.webm,0.87622654,0.86472845
video9020.webm,0.86382306,0.86878747
video9022.webm,0.89330435,0.84254056
video9025.webm,0.91233885,0.8497493
video9026.webm,0.8407523,0.8914329
video9027.webm,0.8386378,0.83864343
video9028.webm,0.8838343,0.836299
video9031.webm,0.88467336,0.81334895
video9032.webm,0.8549386,0.79853696
video9033.webm,0.86659706,0.8398969
video9034.webm,0.8960614,0.8088596
video9035.webm,0.8778338,0.8749361
video9037.webm,0.7820647,0.6964173
video9038.webm,0.8285748,0.6600305
video9039.webm,0.8627367,0.8588629
video9041.webm,0.8071963,0.87584656
video9042.webm,0.8339084,0.7268989
video9044.webm,0.8397558,0.7994027
video9045.webm,0.8247359,0.8776665
video9047.webm,0.8396883,0.7166434
video9048.webm,0.86328334,0.7981357
video9050.webm,0.8690218,0.8490347
video9052.webm,0.87624794,0.8219401
video9053.webm,0.8765338,0.82286406
video9055.webm,0.84468865,0.75843275
video9056.webm,0.8506696,0.81854147
video9057.webm,0.8507815,0.8454336
video9058.webm,0.8906946,0.73028827
video9059.webm,0.8090436,0.7336865
video9060.webm,0.90110564,0.86319405
video9061.webm,0.8495455,0.8303606
video9063.webm,0.8328241,0.8248341
video9064.webm,0.8475913,0.7287552
video9065.webm,0.8764755,0.88205993
video9066.webm,0.86546826,0.7891873
video9067.webm,0.8267393,0.84170365
video9068.webm,0.86832416,0.831679
video9069.webm,0.873041,0.802159
video9070.webm,0.8636838,0.81787443
video9071.webm,0.84473246,0.9120972
video9072.webm,0.8853547,0.8407496
video9073.webm,0.8030745,0.7705577
video9074.webm,0.87910646,0.93712616
video9075.webm,0.85325706,0.92723
video9076.webm,0.8319051,0.76540184
video9078.webm,0.8239844,0.8860648
video9079.webm,0.8782812,0.8178026
video9082.webm,0.85391545,0.7861499
video9083.webm,0.82222134,0.70728356
video9084.webm,0.890313,0.8951087
video9086.webm,0.87425625,0.7697035
video9088.webm,0.85220516,0.85923946
video9089.webm,0.89028305,0.84890807
video9090.webm,0.8307126,0.81605494
video9091.webm,0.8393998,0.80405045
video9092.webm,0.82849896,0.7856027
video9093.webm,0.79348,0.7913283
video9094.webm,0.85939795,0.77478725
video9095.webm,0.83665216,0.6355666
video9096.webm,0.87441653,0.85513514
video9097.webm,0.81131345,0.8186359
video9098.webm,0.8320122,0.71537006
video9100.webm,0.8708615,0.65727323
video9101.webm,0.82882357,0.83231443
video9102.webm,0.8764225,0.7675839
video9103.webm,0.8094628,0.80828434
video9105.webm,0.86694574,0.77871996
video9106.webm,0.8205425,0.79322994
video9107.webm,0.8701461,0.78660184
video9108.webm,0.88881946,0.7456761
video9109.webm,0.8808036,0.75938207
video9110.webm,0.8928398,0.89526224
video9112.webm,0.8454699,0.7917259
video9113.webm,0.8424952,0.73563844
video9114.webm,0.8309747,0.78111947
video9115.webm,0.8745449,0.7755646
video9116.webm,0.84087336,0.7337659
video9117.webm,0.8887156,0.7826586
video9118.webm,0.8758882,0.87767184
video9119.webm,0.853644,0.8019828
video9120.webm,0.8624563,0.8034662
video9121.webm,0.83924574,0.76260567
video9123.webm,0.8357765,0.80487
video9125.webm,0.8170886,0.8071675
video9127.webm,0.8042589,0.8538759
video9128.webm,0.8404378,0.8731432
video9130.webm,0.851758,0.80253875
video9131.webm,0.8712901,0.8558863
video9132.webm,0.8274553,0.82832515
video9133.webm,0.8607352,0.86472297
video9134.webm,0.8851864,0.8083676
video9135.webm,0.86413515,0.7724157
video9137.webm,0.8847296,0.89997965
video9138.webm,0.8100923,0.7366925
video9139.webm,0.80863243,0.79851073
video9140.webm,0.8571367,0.8174824
video9141.webm,0.86731666,0.8389226
video9142.webm,0.86254716,0.85123336
video9143.webm,0.7926427,0.6584952
video9145.webm,0.86549497,0.891183
video9147.webm,0.84713036,0.73723763
video9150.webm,0.87677574,0.8169592
video9151.webm,0.8626342,0.8959334
video9152.webm,0.8350766,0.84143007
video9153.webm,0.8083147,0.9698487
video9155.webm,0.87642324,0.8248124
video9157.webm,0.81518704,0.8220358
video9158.webm,0.795866,0.75034916
video9159.webm,0.7782947,0.8315706
video9160.webm,0.8299143,0.737113
video9162.webm,0.8193616,0.82278967
video9163.webm,0.8331819,0.84718364
video9165.webm,0.8482674,0.7767299
video9166.webm,0.8769564,0.7900678
video9167.webm,0.85396606,0.834035
video9168.webm,0.7930016,0.78244245
video9169.webm,0.833798,0.7695585
video9170.webm,0.84864235,0.7487497
video9171.webm,0.8721568,0.8744889
video9172.webm,0.85662705,0.7754165
video9174.webm,0.82927555,0.88482934
video9175.webm,0.831932,0.6422067
video9176.webm,0.8493421,0.75093096
video9177.webm,0.8328727,0.7561531
video9179.webm,0.8898701,0.88574564
video9180.webm,0.866391,0.8270403
video9181.webm,0.8700062,0.828877
video9183.webm,0.8523105,0.8911875
video9184.webm,0.8104658,0.7471752
video9185.webm,0.9195165,0.76687384
video9186.webm,0.85632604,0.85863006
video9187.webm,0.88735366,0.87001324
video9188.webm,0.8705874,0.842784
video9190.webm,0.845818,0.8513572
video9191.webm,0.88188964,0.8320923
video9192.webm,0.8415809,0.7457729
video9193.webm,0.8301109,0.75902134
video9194.webm,0.8894127,0.82426775
video9197.webm,0.776714,0.77475977
video9198.webm,0.778317,0.7423599
video9202.webm,0.82903165,0.8177715
video9203.webm,0.82492846,0.54717714
video9204.webm,0.88355577,0.8468559
video9205.webm,0.84542143,0.71168685
video9206.webm,0.8672532,0.8157121
video9207.webm,0.8325814,0.7503543
video9208.webm,0.8361673,0.90563977
video9209.webm,0.7939501,0.7702921
video9210.webm,0.84672475,0.7209835
video9211.webm,0.8321397,0.7845004
video9212.webm,0.8588105,0.86459875
video9213.webm,0.87399995,0.78779936
video9214.webm,0.7618386,0.7667985
video9215.webm,0.86449254,0.86068356
video9216.webm,0.8406716,0.77876073
video9217.webm,0.8521024,0.8779594
video9218.webm,0.88183695,0.79588753
video9219.webm,0.88858813,0.8228252
video9220.webm,0.78632736,0.8031228
video9221.webm,0.8783431,0.8853104
video9222.webm,0.78904027,0.61362684
video9223.webm,0.8692392,0.8395548
video9224.webm,0.90433854,0.833207
video9225.webm,0.899255,0.90724593
video9226.webm,0.87205815,0.66964155
video9227.webm,0.8635795,0.8559869
video9228.webm,0.8673577,0.8843195
video9229.webm,0.861721,0.79785436
video9230.webm,0.8806621,0.8154551
video9231.webm,0.8484524,0.857362
video9232.webm,0.84555084,0.7709153
video9234.webm,0.82534796,0.88294804
video9235.webm,0.87251925,0.8472968
video9236.webm,0.840909,0.7502239
video9239.webm,0.8766009,0.8179679
video9240.webm,0.89816844,0.799574
video9241.webm,0.91948926,0.7411575
video9242.webm,0.81831795,0.6551058
video9243.webm,0.8502547,0.77974164
video9245.webm,0.815467,0.82240057
video9246.webm,0.8992392,0.85550797
video9247.webm,0.85766673,0.81058407
video9248.webm,0.84150493,0.77760714
video9249.webm,0.8687916,0.74451613
video9250.webm,0.8246546,0.85311264
video9251.webm,0.8427195,0.74642557
video9252.webm,0.7922969,0.75178146
video9253.webm,0.8218109,0.8647332
video9254.webm,0.8313599,0.76880133
video9255.webm,0.82631624,0.70432895
video9256.webm,0.86008954,0.8515513
video9257.webm,0.8315502,0.7618292
video9258.webm,0.80437714,0.8068385
video9259.webm,0.86966664,0.70412165
video9260.webm,0.8389908,0.76877415
video9261.webm,0.84167755,0.7781855
video9262.webm,0.8845811,0.8268453
video9263.webm,0.84146607,0.8180069
video9266.webm,0.8737864,0.7453314
video9268.webm,0.87708783,0.8930173
video9269.webm,0.83985275,0.713891
video9270.webm,0.8966939,0.86574006
video9271.webm,0.8123543,0.76216155
video9273.webm,0.81351143,0.77220726
video9275.webm,0.8730517,0.8430381
video9276.webm,0.892737,0.8613866
video9277.webm,0.8648027,0.7288986
video9278.webm,0.79451525,0.89200175
video9280.webm,0.8507009,0.8448915
video9282.webm,0.825208,0.736708
video9283.webm,0.84809893,0.8806397
video9284.webm,0.8464241,0.77275014
video9288.webm,0.8779908,0.8326616
video9289.webm,0.89558977,0.8750491
video9290.webm,0.8438333,0.8376011
video9291.webm,0.8506192,0.61404914
video9292.webm,0.8596772,0.79095435
video9293.webm,0.8110735,0.8122044
video9294.webm,0.8561859,0.8356267
video9295.webm,0.81013584,0.7156203
video9296.webm,0.8148819,0.7570976
video9297.webm,0.8351935,0.8817042
video9298.webm,0.86754924,0.8238274
video9299.webm,0.84875375,0.75825167
video9300.webm,0.8837275,0.8861839
video9301.webm,0.82409596,0.74654126
video9302.webm,0.8646224,0.83614403
video9303.webm,0.8724882,0.74468696
video9304.webm,0.8500004,0.83985937
video9305.webm,0.8767357,0.8787737
video9307.webm,0.8411926,0.7773839
video9309.webm,0.8253095,0.7961927
video9310.webm,0.8712794,0.8060313
video9311.webm,0.87349284,0.74798644
video9312.webm,0.8536373,0.8349768
video9313.webm,0.83741665,0.8757978
video9315.webm,0.8922075,0.8294294
video9316.webm,0.85987747,0.77836764
video9317.webm,0.8478577,0.90023726
video9318.webm,0.7954669,0.8455709
video9319.webm,0.8841671,0.8996283
video9321.webm,0.8047541,0.68875664
video9322.webm,0.81677645,0.78238773
video9323.webm,0.78614926,0.8742449
video9324.webm,0.8599192,0.8359723
video9327.webm,0.86294913,0.7130547
video9328.webm,0.8599595,0.8460411
video9329.webm,0.83746856,0.8106045
video9330.webm,0.8474364,0.8632748
video9331.webm,0.86845833,0.8587611
video9333.webm,0.7988228,0.6624676
video9334.webm,0.760628,0.80695605
video9335.webm,0.8468392,0.7690237
video9337.webm,0.8320785,0.7607884
video9339.webm,0.75605386,0.7498729
video9341.webm,0.866861,0.9121733
video9342.webm,0.84293216,0.7267041
video9343.webm,0.8766071,0.87655807
video9344.webm,0.84173524,0.7945274
video9345.webm,0.8050236,0.74398756
video9347.webm,0.84768665,0.7031935
video9348.webm,0.8520466,0.85744107
video9349.webm,0.8594658,0.8629798
video9350.webm,0.86552024,0.7883233
video9353.webm,0.8833604,0.7731563
video9354.webm,0.84533256,0.8942972
video9356.webm,0.8668103,0.67138284
video9357.webm,0.8732903,0.7814272
video9358.webm,0.80106354,0.7270621
video9359.webm,0.87771,0.8568547
video9360.webm,0.81763244,0.8295752
video9361.webm,0.8417647,0.6764147
video9362.webm,0.8802356,0.7430419
video9365.webm,0.84499085,0.7540058
video9366.webm,0.8794347,0.9237016
video9367.webm,0.8268335,0.7573028
video9368.webm,0.83765453,0.7267515
video9369.webm,0.87121564,0.8337081
video9370.webm,0.8197752,0.9493768
video9371.webm,0.8643724,0.6855238
video9372.webm,0.87267214,0.76558125
video9373.webm,0.86221606,0.89032876
video9374.webm,0.85838056,0.8293842
video9375.webm,0.86559075,0.8626601
video9376.webm,0.87025845,0.88158476
video9377.webm,0.8411809,0.9091761
video9379.webm,0.84264135,0.7893802
video9380.webm,0.84298193,0.76906157
video9381.webm,0.8630676,0.86877847
video9382.webm,0.8284998,0.8350383
video9385.webm,0.889074,0.7958263
video9386.webm,0.88722813,0.8575072
video9387.webm,0.8518318,0.79335976
video9388.webm,0.86388546,0.6850615
video9389.webm,0.89939046,0.8441648
video9390.webm,0.8597518,0.8525181
video9391.webm,0.85340214,0.86687326
video9392.webm,0.8953561,0.823956
video9393.webm,0.814541,0.80633736
video9394.webm,0.8484049,0.84978324
video9395.webm,0.85050327,0.6831606
video9396.webm,0.8781343,0.7509626
video9397.webm,0.818227,0.8586471
video9398.webm,0.8262042,0.8816143
video9399.webm,0.82759523,0.829546
video9400.webm,0.86751074,0.8854568
video9402.webm,0.83804727,0.8468949
video9403.webm,0.8364846,0.73687327
video9404.webm,0.8062797,0.75414234
video9405.webm,0.83677626,0.658542
video9406.webm,0.8257158,0.7261374
video9407.webm,0.85576093,0.8158998
video9408.webm,0.82802266,0.7720547
video9409.webm,0.8736778,0.78170073
video9412.webm,0.85457516,0.87617624
video9414.webm,0.827799,0.8839609
video9415.webm,0.8750645,0.88491184
video9416.webm,0.8419283,0.6984881
video9417.webm,0.84747463,0.87061936
video9419.webm,0.8407644,0.76723886
video9420.webm,0.85908544,0.8504365
video9421.webm,0.8537966,0.7384727
video9422.webm,0.832791,0.8422026
video9423.webm,0.86587083,0.91107416
video9424.webm,0.825146,0.81471896
video9425.webm,0.8598734,0.7922429
video9426.webm,0.82365686,0.74245375
video9427.webm,0.7950698,0.7684538
video9428.webm,0.8702546,0.8519898
video9430.webm,0.87751174,0.80855197
video9431.webm,0.89615595,0.85418093
video9432.webm,0.8161496,0.8590778
video9433.webm,0.7872733,0.79714394
video9434.webm,0.8212783,0.76484793
video9435.webm,0.84910595,0.7702001
video9437.webm,0.8655991,0.8630131
video9438.webm,0.867105,0.82689553
video9439.webm,0.84874046,0.7341239
video9440.webm,0.85949963,0.674481
video9441.webm,0.8363088,0.83570427
video9443.webm,0.82875955,0.76667964
video9445.webm,0.8663292,0.80036545
video9446.webm,0.8641393,0.8720806
video9448.webm,0.842442,0.84157187
video9449.webm,0.8509311,0.8689228
video9450.webm,0.88901013,0.7668317
video9451.webm,0.84843624,0.74731195
video9452.webm,0.8164346,0.76878744
video9453.webm,0.89942235,0.72999775
video9454.webm,0.85963875,0.9360402
video9455.webm,0.8339641,0.8465503
video9456.webm,0.80231696,0.71825397
video9457.webm,0.861787,0.8314065
video9460.webm,0.8557538,0.8666879
video9461.webm,0.8734258,0.85841167
video9462.webm,0.874124,0.8222896
video9463.webm,0.86107856,0.7748233
video9464.webm,0.878121,0.82313985
video9465.webm,0.78527844,0.7957862
video9466.webm,0.82495487,0.7973723
video9468.webm,0.8711339,0.6724671
video9469.webm,0.86970454,0.8258127
video9470.webm,0.8608603,0.793454
video9472.webm,0.869986,0.6936513
video9473.webm,0.8479467,0.7123381
video9474.webm,0.8808666,0.8549748
video9475.webm,0.86355627,0.79837
video9476.webm,0.80018616,0.7194335
video9477.webm,0.84838164,0.82623696
video9478.webm,0.903292,0.8382264
video9479.webm,0.8384005,0.71086526
video9480.webm,0.9017085,0.80626214
video9481.webm,0.85183394,0.8100159
video9483.webm,0.8646755,0.827664
video9484.webm,0.87704635,0.85569185
video9485.webm,0.8085169,0.69773364
video9486.webm,0.88656545,0.85607725
video9487.webm,0.84760207,0.9040432
video9488.webm,0.8438688,0.6387389
video9490.webm,0.8028224,0.74773246
video9492.webm,0.8127966,0.7822727
video9493.webm,0.89587855,0.85022515
video9495.webm,0.82595813,0.8128882
video9496.webm,0.8620891,0.76361275
video9497.webm,0.7850423,0.8110481
video9499.webm,0.8906657,0.78508127
video9500.webm,0.8365062,0.82745314
video9501.webm,0.83778715,0.713526
video9502.webm,0.8443909,0.8846404
video9503.webm,0.88666433,0.76871985
video9504.webm,0.8221326,0.8973377
video9505.webm,0.8468706,0.8355928
video9506.webm,0.8530086,0.81133324
video9507.webm,0.89071023,0.8372596
video9508.webm,0.8154614,0.81175745
video9509.webm,0.8854494,0.81323403
video9510.webm,0.8646408,0.8718004
video9511.webm,0.8258922,0.87672
video9512.webm,0.8470264,0.7946842
video9513.webm,0.8288791,0.812551
video9515.webm,0.86565655,0.9579805
video9516.webm,0.7683893,0.5487346
video9517.webm,0.8875131,0.8176076
video9518.webm,0.8399534,0.8786731
video9519.webm,0.86486745,0.8282543
video9521.webm,0.79468197,0.7940612
video9522.webm,0.7815895,0.86643153
video9523.webm,0.8667556,0.78965294
video9524.webm,0.86765,0.77693576
video9525.webm,0.86749464,0.8203268
video9526.webm,0.78483665,0.83266336
video9527.webm,0.84937346,0.77969027
video9528.webm,0.8588097,0.82581645
video9529.webm,0.8519453,0.80674994
video9530.webm,0.80567,0.7867173
video9531.webm,0.8259235,0.7909464
video9532.webm,0.84943306,0.8337677
video9533.webm,0.874725,0.8206478
video9534.webm,0.8728934,0.8412619
video9535.webm,0.86295706,0.89630544
video9536.webm,0.88103634,0.87501216
video9537.webm,0.8381249,0.9268939
video9538.webm,0.7606011,0.7337161
video9541.webm,0.8666179,0.7557592
video9542.webm,0.85003686,0.94565785
video9543.webm,0.8289114,0.7938827
video9544.webm,0.82442975,0.81288815
video9545.webm,0.8827209,0.8686979
video9546.webm,0.86141264,0.82490855
video9547.webm,0.84049046,0.8341355
video9548.webm,0.88068205,0.8427041
video9549.webm,0.8056389,0.8103244
video9550.webm,0.843616,0.7674702
video9551.webm,0.8678791,0.84853464
video9552.webm,0.8867198,0.8433584
video9553.webm,0.88430774,0.8323871
video9554.webm,0.8536839,0.7014265
video9555.webm,0.83146495,0.7379485
video9556.webm,0.8498081,0.8201727
video9557.webm,0.83907425,0.7826599
video9558.webm,0.885637,0.7542955
video9559.webm,0.8869638,0.8748945
video9560.webm,0.8496282,0.735873
video9561.webm,0.87783396,0.86521876
video9562.webm,0.85724545,0.8315771
video9564.webm,0.9036646,0.89675033
video9565.webm,0.88901925,0.85977244
video9566.webm,0.86970437,0.8021599
video9567.webm,0.8570076,0.7999252
video9568.webm,0.873087,0.82298064
video9571.webm,0.8700044,0.7920923
video9572.webm,0.8230885,0.80219674
video9573.webm,0.8783763,0.8480607
video9574.webm,0.86839974,0.7876642
video9575.webm,0.8510171,0.82087046
video9576.webm,0.83041185,0.7892638
video9577.webm,0.8765193,0.8971081
video9582.webm,0.83840764,0.8067005
video9583.webm,0.8179203,0.7620581
video9584.webm,0.8908867,0.801546
video9585.webm,0.85555977,0.7567737
video9586.webm,0.82235706,0.85591596
video9587.webm,0.8786738,0.8341892
video9588.webm,0.8560566,0.8176268
video9589.webm,0.86337316,0.81794745
video9590.webm,0.85938954,0.7813148
video9591.webm,0.8482371,0.8745353
video9592.webm,0.88219726,0.7035452
video9593.webm,0.86116564,0.74931675
video9595.webm,0.83357716,0.87758976
video9596.webm,0.87516373,0.84467226
video9598.webm,0.8152748,0.7385812
video9599.webm,0.85865533,0.84206355
video9600.webm,0.814063,0.8206292
video9601.webm,0.8354402,0.7188171
video9602.webm,0.8308501,0.838619
video9604.webm,0.77297616,0.7364015
video9605.webm,0.85774064,0.6951668
video9606.webm,0.82812977,0.5572952
video9607.webm,0.862768,0.78409785
video9608.webm,0.7983708,0.6929106
video9609.webm,0.8758794,0.7462405
video9610.webm,0.8755297,0.76633143
video9611.webm,0.8439065,0.7486843
video9612.webm,0.80376184,0.8978683
video9613.webm,0.8467068,0.6464677
video9614.webm,0.8561559,0.8653779
video9615.webm,0.82343924,0.81609464
video9618.webm,0.80282116,0.8530718
video9619.webm,0.8728232,0.80638206
video9620.webm,0.8681018,0.7814053
video9621.webm,0.8650496,0.6778776
video9623.webm,0.88429433,0.77132756
video9624.webm,0.8071642,0.7986182
video9625.webm,0.82494473,0.848207
video9627.webm,0.82769203,0.78767896
video9628.webm,0.7908331,0.741819
video9630.webm,0.85638034,0.85308707
video9631.webm,0.79844165,0.86009324
video9632.webm,0.8343366,0.7111841
video9633.webm,0.85338897,0.76219654
video9634.webm,0.8351333,0.8349726
video9635.webm,0.8412025,0.7860147
video9636.webm,0.806953,0.7970023
video9637.webm,0.84127206,0.8052896
video9638.webm,0.86214817,0.8370075
video9639.webm,0.83509934,0.8807558
video9640.webm,0.8303837,0.76570404
video9641.webm,0.8267703,0.8320282
video9642.webm,0.8552469,0.74111104
video9643.webm,0.886913,0.8772149
video9645.webm,0.8257712,0.88999134
video9646.webm,0.8613881,0.84627914
video9647.webm,0.8738643,0.8211577
video9648.webm,0.8476363,0.810038
video9649.webm,0.8264507,0.79146856
video9650.webm,0.83003527,0.86699736
video9651.webm,0.83095807,0.6573029
video9652.webm,0.83764094,0.80140626
video9653.webm,0.8497339,0.82337326
video9654.webm,0.8634038,0.8876219
video9655.webm,0.88567644,0.7076229
video9656.webm,0.8265421,0.7380298
video9657.webm,0.8496318,0.83640313
video9658.webm,0.81708616,0.7956838
video9659.webm,0.89552,0.62122566
video9660.webm,0.8308941,0.8038196
video9661.webm,0.77286917,0.7381423
video9662.webm,0.8737966,0.8054653
video9663.webm,0.80869454,0.7567975
video9665.webm,0.85851896,0.8477739
video9667.webm,0.84683764,0.8205432
video9668.webm,0.84253705,0.79305565
video9670.webm,0.83571017,0.7646951
video9671.webm,0.7841377,0.81492007
video9672.webm,0.84897393,0.8134434
video9673.webm,0.8181863,0.8376698
video9674.webm,0.8374422,0.695411
video9675.webm,0.8326923,0.8176182
video9676.webm,0.8619746,0.790726
video9677.webm,0.86405957,0.8115047
video9679.webm,0.7852911,0.81790614
video9680.webm,0.8693311,0.87843204
video9681.webm,0.8626466,0.80199486
video9683.webm,0.8761679,0.82091665
video9684.webm,0.85624003,0.8231744
video9685.webm,0.8191458,0.76165
video9686.webm,0.849586,0.91525114
video9687.webm,0.8634665,0.8558649
video9688.webm,0.8474892,0.79130656
video9689.webm,0.8098998,0.788737
video9690.webm,0.8552802,0.91892046
video9691.webm,0.8741457,0.8502703
video9692.webm,0.7883638,0.82528365
video9693.webm,0.86071503,0.82595444
video9694.webm,0.81582224,0.82000685
video9695.webm,0.8210026,0.789292
video9698.webm,0.8678786,0.7909085
video9699.webm,0.8086935,0.80637985
video9701.webm,0.82418066,0.8145474
video9702.webm,0.8603407,0.90680087
video9703.webm,0.8654181,0.8183907
video9704.webm,0.88376856,0.88220376
video9705.webm,0.87222457,0.79626745
video9706.webm,0.8829466,0.7718008
video9707.webm,0.8382863,0.86464417
video9708.webm,0.83126116,0.55422676
video9709.webm,0.870371,0.79997087
video9710.webm,0.83605796,0.7835916
video9711.webm,0.8426382,0.7826249
video9712.webm,0.86182463,0.8675442
video9714.webm,0.80146694,0.7824687
video9715.webm,0.8404419,0.76630795
video9716.webm,0.8420867,0.87279344
video9717.webm,0.87638414,0.82671994
video9718.webm,0.81968135,0.7280438
video9719.webm,0.86517453,0.7684183
video9720.webm,0.8084341,0.8070228
video9723.webm,0.86908644,0.74972266
video9725.webm,0.84284997,0.8637111
video9729.webm,0.8472583,0.7932079
video9730.webm,0.80879253,0.8094979
video9731.webm,0.8124865,0.88202727
video9732.webm,0.81539893,0.8068001
video9733.webm,0.841867,0.8802241
video9736.webm,0.8673414,0.7349794
video9737.webm,0.8195432,0.80636716
video9738.webm,0.87286913,0.7797022
video9739.webm,0.8465878,0.72567606
video9740.webm,0.81186587,0.8708856
video9741.webm,0.81285566,0.83019847
video9742.webm,0.86707366,0.81457597
video9743.webm,0.87389183,0.81874835
video9744.webm,0.8191855,0.80376744
video9745.webm,0.8779516,0.83417636
video9746.webm,0.88394696,0.8878813
video9747.webm,0.86350083,0.87802297
video9748.webm,0.8278711,0.82440495
video9749.webm,0.82537484,0.858811
video9751.webm,0.8767917,0.79060686
video9752.webm,0.7835053,0.7727766
video9753.webm,0.8681716,0.7691207
video9754.webm,0.82149696,0.8082978
video9755.webm,0.8087626,0.71737784
video9756.webm,0.79440993,0.6556603
video9757.webm,0.87159234,0.8480044
video9758.webm,0.8780247,0.84261894
video9760.webm,0.8261178,0.71561784
video9762.webm,0.878256,0.78865504
video9764.webm,0.83376515,0.925953
video9765.webm,0.8652289,0.7918731
video9766.webm,0.85642993,0.7847519
video9767.webm,0.84566903,0.8152357
video9768.webm,0.8543734,0.8287325
video9769.webm,0.87496734,0.77395475
video9771.webm,0.86093605,0.72272414
video9772.webm,0.8736541,0.8805154
video9773.webm,0.84671617,0.8000531
video9776.webm,0.8590329,0.8453947
video9778.webm,0.856929,0.775983
video9779.webm,0.8426515,0.88766295
video9780.webm,0.8787865,0.8253678
video9781.webm,0.89373577,0.8463106
video9782.webm,0.82172745,0.7900003
video9783.webm,0.87629825,0.72905624
video9785.webm,0.8510476,0.90867877
video9786.webm,0.86035705,0.7895306
video9787.webm,0.84714377,0.9371283
video9788.webm,0.84317994,0.87753797
video9789.webm,0.8279968,0.77676827
video9790.webm,0.80886286,0.67261934
video9792.webm,0.8071203,0.76158524
video9793.webm,0.82185096,0.8228209
video9795.webm,0.771468,0.7654035
video9796.webm,0.86663485,0.76876235
video9797.webm,0.87177116,0.84176123
video9799.webm,0.85980254,0.89640915
video9801.webm,0.85785604,0.8853806
video9802.webm,0.8256876,0.801555
video9803.webm,0.828218,0.7982364
video9805.webm,0.852509,0.7495005
video9806.webm,0.8496635,0.7820327
video9807.webm,0.8676004,0.7559899
video9808.webm,0.8560942,0.8006816
video9809.webm,0.8325837,0.83644545
video9810.webm,0.85677683,0.8664267
video9812.webm,0.8591603,0.67540264
video9813.webm,0.8627669,0.92757887
video9815.webm,0.84802,0.8723477
video9816.webm,0.85329336,0.87194824
video9819.webm,0.8407612,0.8411801
video9820.webm,0.824471,0.7897764
video9821.webm,0.81501377,0.6512177
video9822.webm,0.8761648,0.8388114
video9823.webm,0.82978606,0.8146651
video9824.webm,0.902076,0.82480514
video9825.webm,0.85614777,0.95742387
video9826.webm,0.87680686,0.8978396
video9827.webm,0.875369,0.85669464
video9828.webm,0.8562935,0.90285045
video9829.webm,0.85455006,0.8465494
video9831.webm,0.8929798,0.80735826
video9832.webm,0.88339704,0.7083048
video9833.webm,0.8642212,1.0096686
video9834.webm,0.8699712,0.8326772
video9835.webm,0.8786067,0.8388593
video9838.webm,0.8102718,0.73048973
video9839.webm,0.79939467,0.8306647
video9840.webm,0.87583756,0.81444967
video9842.webm,0.8732083,0.80072
video9843.webm,0.877602,0.89588016
video9844.webm,0.85595715,0.84974414
video9845.webm,0.8441525,0.81472456
video9846.webm,0.84933674,0.9063511
video9847.webm,0.8254421,0.7673727
video9848.webm,0.87231565,0.8337685
video9849.webm,0.7924225,0.6756574
video9850.webm,0.8292026,0.7711334
video9851.webm,0.8569732,0.8562097
video9852.webm,0.8622017,0.80939776
video9853.webm,0.8271873,0.7046927
video9854.webm,0.7944501,0.7700879
video9855.webm,0.8620883,0.90920174
video9856.webm,0.8672993,0.86211467
video9857.webm,0.8619842,0.8374845
video9858.webm,0.8345794,0.8203591
video9859.webm,0.8637396,0.843661
video9860.webm,0.81540436,0.70897144
video9861.webm,0.8818965,0.9003745
video9862.webm,0.84201986,0.92228144
video9864.webm,0.86002433,0.80718094
video9870.webm,0.8366473,0.73577
video9871.webm,0.8628224,0.8638868
video9872.webm,0.85808825,0.72099245
video9873.webm,0.8606479,0.8314806
video9874.webm,0.8467003,0.844644
video9875.webm,0.8649578,0.8783135
video9876.webm,0.75476336,0.939539
video9877.webm,0.84345305,0.8894793
video9878.webm,0.7707277,0.7641592
video9879.webm,0.8574743,0.8799096
video9881.webm,0.7903273,0.835122
video9883.webm,0.8629447,0.8670798
video9884.webm,0.86308056,0.77566284
video9885.webm,0.9060212,0.87051225
video9888.webm,0.85921943,0.945048
video9889.webm,0.83340764,0.8039258
video9890.webm,0.8356765,0.87856483
video9891.webm,0.842349,0.7890786
video9892.webm,0.84725416,0.70610625
video9893.webm,0.7923363,0.8069288
video9894.webm,0.86433256,0.8677968
video9895.webm,0.88415396,0.8398256
video9896.webm,0.8615672,0.7797047
video9897.webm,0.842362,0.79431224
video9898.webm,0.92114305,0.8620984
video9900.webm,0.8362227,0.80373585
video9901.webm,0.7844293,0.840266
video9903.webm,0.87428063,0.7575762
video9904.webm,0.8375697,0.7613036
video9905.webm,0.8744616,0.91940206
video9906.webm,0.88345766,0.7859984
video9907.webm,0.88089013,0.76380605
video9908.webm,0.8641616,0.80810326
video9909.webm,0.9074943,0.874143
video9913.webm,0.8160917,0.8089473
video9914.webm,0.83691967,0.6772637
video9915.webm,0.8357462,0.8350663
video9917.webm,0.8333339,0.79977745
video9918.webm,0.8325777,0.7796879
video9920.webm,0.83766055,0.8200392
video9923.webm,0.9220181,0.7493207
video9925.webm,0.8643279,0.8250636
video9926.webm,0.82789844,0.86663437
video9927.webm,0.8907959,0.71244466
video9928.webm,0.8516748,0.8437604
video9929.webm,0.7544839,0.7636184
video9930.webm,0.89478153,0.85050774
video9931.webm,0.8438689,0.8024058
video9932.webm,0.8298978,0.6450677
video9935.webm,0.76912034,0.80750096
video9936.webm,0.8709034,0.92266893
video9938.webm,0.8772789,0.6856555
video9939.webm,0.8287178,0.83607376
video9940.webm,0.8195851,0.7730981
video9942.webm,0.86829066,0.77807826
video9943.webm,0.85234845,0.8269659
video9944.webm,0.7954198,0.6573803
video9945.webm,0.8314454,0.8568169
video9946.webm,0.8498241,0.78814936
video9948.webm,0.8718133,0.7912114
video9949.webm,0.8341704,0.9344791
video9950.webm,0.8272518,0.7691703
video9951.webm,0.8462007,0.90644246
video9952.webm,0.8750039,0.73986727
video9954.webm,0.8645507,0.7291845
video9956.webm,0.8280622,0.8060782
video9957.webm,0.866932,0.83384126
video9958.webm,0.8575795,0.83306336
video9959.webm,0.88432664,0.83556664
video9960.webm,0.85462624,0.8304896
video9961.webm,0.85949486,0.8555653
video9963.webm,0.86872923,0.78022385
video9964.webm,0.8892473,0.8694584
video9965.webm,0.8762197,0.9467594
video9966.webm,0.88908803,0.7699629
video9967.webm,0.8250577,0.9561455
video9968.webm,0.8419976,0.9298985
video9969.webm,0.8858824,0.7915188
video9970.webm,0.8719071,0.83086896
video9971.webm,0.8952738,0.7652971
video9972.webm,0.8314899,0.85607576
video9974.webm,0.80432194,0.76292753
video9975.webm,0.84508866,0.8736091
video9976.webm,0.8314473,0.8001297
video9977.webm,0.8622485,0.87632215
video9980.webm,0.7856325,0.7432151
video9981.webm,0.8178996,0.92358655
video9982.webm,0.84524816,0.791564
video9983.webm,0.869469,0.8485466
video9984.webm,0.8174542,0.7159314
video9985.webm,0.86507535,0.7787753
video9986.webm,0.890464,0.8226273
video9987.webm,0.8662483,0.87609136
video9988.webm,0.864431,0.7721321
video9989.webm,0.8631904,0.8283371
video9990.webm,0.8236468,0.8218958
video9991.webm,0.8495189,0.848086
video9992.webm,0.8523675,0.9136131
video9993.webm,0.88570917,0.8560149
video9994.webm,0.82543087,0.7579171
video9995.webm,0.8803809,0.7873038
video9996.webm,0.8485589,0.84635097
video9997.webm,0.85033447,0.7523511
video9998.webm,0.83259386,0.9382315
video9999.webm,0.8002738,0.7989069
video10000.webm,0.85224885,0.6952799
video10001.webm,0.8570914,0.73239195
video10002.webm,0.8725755,0.8305119
video10003.webm,0.86143136,0.8501136
video10004.webm,0.8718115,0.87356246
video10005.webm,0.8489209,0.7080789
video10006.webm,0.82410145,0.7894896
video10007.webm,0.8687991,0.89823806
video10008.webm,0.8885444,0.8660422
